<?xml version="1.0" encoding="UTF-8"?>
<testcase id="AS4_direct_ap" xmlns="http://www.gitb.com/tdl/v1/" xmlns:gitb="http://www.gitb.com/core/v1/">
	<metadata>
		<gitb:name>AS4_direct_ap</gitb:name>
		<gitb:version>0.1</gitb:version>
		<gitb:description>Send an invoice as an AS4 message directly to a receiver access point (no SML or SMP involved). The communication channel is not encrypted.</gitb:description>
		<gitb:type>CONFORMANCE</gitb:type>
	</metadata>
	<namespaces>
	</namespaces>
	<imports>
	</imports>
	<actors>
		<gitb:actor id="Sender_AS4_Direct_AP" name="Sender_AS4_Direct_AP" role="SUT" />
		<gitb:actor id="Receiver_AS4" name="Sender_AS4_Direct_AP" role="SIMULATED"/>
	</actors>
	<variables>
		<var name="as4_message_ID" type="string" />
	</variables>
	<steps>
        <interact desc="Message ID" with="Sender_AS4_Direct_AP">
            <request desc="Message ID to wait for" with="Sender_AS4_Direct_AP" contentType="string">$as4_message_ID</request>
        </interact>
        <btxn from="Sender_AS4_Direct_AP" to="Receiver_AS4" txnId="t1" handler="http://13.80.14.182:8006/ms/api/as4messaging?wsdl"/>
        <receive id="data" desc="Receive message from SUT" from="Sender_AS4_Direct_AP" to="Receiver_AS4" txnId="t1">
			<input name="as4.receive.messageId">$as4_message_ID</input>
		</receive>
		<etxn txnId="t1"/>
        <verify handler="http://13.80.11.48:8000/invoice/api/validation?wsdl" desc="Validate UBL invoice">
            <input name="xml">$data{payload}{payload.1}{payload.content}</input>
        </verify>
	</steps>
</testcase>