<?xml version="1.0" encoding="UTF-8"?>
<AP-SimpleSearchRequest xmlns:xsi="http://www.w3.org/2001/XMLSchema-instance"
                        xmlns="http://ec.europa.eu/bris/v1_3/ap/CompanySearch" xsi:schemaLocation="bris/ap/AP-CompanySearch.xsd"
                        xmlns:bbc="http://ec.europa.eu/bris/v1_3/common/BasicComponents"
                        xmlns:bac="http://ec.europa.eu/bris/v1_3/common/AggregateComponents"
                        modelVersion="1.3.0">
    <bac:MessageHeader>
        <bbc:CorrelationID>1</bbc:CorrelationID>
        <bbc:MessageID>123</bbc:MessageID>
    </bac:MessageHeader>
    <bac:Countries>
        <bbc:Country>BE</bbc:Country>
    </bac:Countries>
    <bbc:CompanyName>A name</bbc:CompanyName>
    <bbc:CompanyRegistrationNumber>A number</bbc:CompanyRegistrationNumber>
</AP-SimpleSearchRequest>