<AP-SimpleSearchResponse xmlns:xsi="http://www.w3.org/2001/XMLSchema-instance"
                        xmlns="http://ec.europa.eu/bris/v1_3/ap/CompanySearch" xsi:schemaLocation="bris/ap/AP-CompanySearch.xsd"
                        xmlns:bbc="http://ec.europa.eu/bris/v1_3/common/BasicComponents"
                        xmlns:bac="http://ec.europa.eu/bris/v1_3/common/AggregateComponents"
                        modelVersion="1.3.0">
    <bac:MessageHeader>
        <bbc:CorrelationID>1</bbc:CorrelationID>
        <bbc:MessageID>456</bbc:MessageID>
    </bac:MessageHeader>
    <bbc:NumberOfResultsInMessage>1</bbc:NumberOfResultsInMessage>
    <bbc:NumberOfResultsInRegisters>1</bbc:NumberOfResultsInRegisters>
    <bac:Results>
        <bac:Company>
            <bac:CompanyNames>
                <bbc:CompanyNameLanguageSpecific languageID="en">A name</bbc:CompanyNameLanguageSpecific>
            </bac:CompanyNames>
            <bbc:CompanyRegistrationNumber>A number</bbc:CompanyRegistrationNumber>
            <bac:CompanyRegisteredOffice>
                <bbc:Country>BE</bbc:Country>
            </bac:CompanyRegisteredOffice>
            <bbc:CompanyLegalForm>ALegalForm</bbc:CompanyLegalForm>
            <bbc:CompanyEUID>BE123456.789</bbc:CompanyEUID>
        </bac:Company>
        <bac:BusinessRegister>
            <bbc:BusinessRegisterID>BRID1</bbc:BusinessRegisterID>
            <bbc:BusinessRegisterName>BRName1</bbc:BusinessRegisterName>
            <bbc:BusinessRegisterCountry>BE</bbc:BusinessRegisterCountry>
        </bac:BusinessRegister>
        <bbc:Relevance>0.5</bbc:Relevance>
    </bac:Results>
</AP-SimpleSearchResponse>