<?xml version="1.0" encoding="UTF-8"?>
<testcase id="AS4_direct_ap" xmlns="http://www.gitb.com/tdl/v1/" xmlns:gitb="http://www.gitb.com/core/v1/">
	<metadata>
		<gitb:name>AS4_direct_ap</gitb:name>
		<gitb:version>0.1</gitb:version>
		<gitb:description>Send an invoice as an AS4 message directly to a receiver access point (no SML or SMP involved). The communication channel is not encrypted.</gitb:description>
		<gitb:type>CONFORMANCE</gitb:type>
	</metadata>
	<namespaces>
	</namespaces>
	<imports>
        <artifact type="object" encoding="UTF-8" name="Domibus_Download_SOAP_Template">UBL_invoice_AS4_direct_ap/artifacts/domibus-download-soap-template.xml</artifact>
	</imports>
	<actors>
		<gitb:actor id="Sender_AS4_Direct_AP" name="Sender_AS4_Direct_AP" role="SUT" />
		<gitb:actor id="Receiver_AS4" name="Sender_AS4_Direct_AP" role="SIMULATED"/>
	</actors>
	<variables>
		<var name="as4_message_ID" type="string" />
	</variables>
	<steps>
		<btxn from="Sender_AS4_Direct_AP" to="Receiver_AS4" txnId="t2" handler="AS4Messaging"/>
		<receive id="as4_communication_data" desc="Send AS4 message" from="Sender_AS4_Direct_AP" to="Receiver_AS4" txnId="t2" />
        <assign to="$as4_message_ID">$as4_communication_data{as4_message_id}</assign>

        <send desc="Get AS4 response" from="Receiver_AS4" to="Sender_AS4_Direct_AP" txnId="t2">
			<config name="as4.receiver.address">http://13.80.11.48:8080/cipa-dispatcher/AS4Receiver</config>
			<config name="domibus.address">http://13.80.11.48:8080/domibus/services/BackendService_1_1/</config>
            <input name="http_headers" source="$as4_communication_data{http_headers}" />
            <input name="as4_communication_data" source="$as4_communication_data" />
			<input name="domibus_request" source="$Domibus_Download_SOAP_Template"/>
		</send>
		<etxn txnId="t2"/>

        <verify handler="http://13.80.11.48:8000/invoice/api/validation?wsdl" desc="Validate UBL invoice">
            <input name="xml">$as4_communication_data{domibus_response_payload}</input>
        </verify>
	</steps>
</testcase>