<?xml version="1.0" encoding="UTF-8"?>
<testcase id="AS4_direct_smp" xmlns="http://www.gitb.com/tdl/v1/" xmlns:gitb="http://www.gitb.com/core/v1/">
	<metadata>
		<gitb:name>AS4_direct_smp</gitb:name>
		<gitb:version>0.1</gitb:version>
		<gitb:description>Send an invoice as an AS4 message to a receiver access point after looking up its address directly from its Service Metadata Publisher (no SML involved). The communication channel is not encrypted.</gitb:description>
		<gitb:type>CONFORMANCE</gitb:type>
	</metadata>
	<namespaces>
	</namespaces>
	<imports>
        <artifact type="object" encoding="UTF-8" name="SMP_Metadata_Template">UBL_invoice_AS4_direct_smp/artifacts/smp-metadata-template.xml</artifact>
	</imports>
	<actors>
		<gitb:actor id="Sender_AS4_Direct_SMP" name="Sender_AS4_Direct_SMP" role="SUT" />
		<gitb:actor id="Receiver_AS4" name="Sender_AS4_Direct_SMP" role="SIMULATED"/>
		<gitb:actor id="ServiceMetadataPublisher" name="ServiceMetadataPublisher" role="SIMULATED"/>
	</actors>
	<variables>
        <var name="smp_output" type="map"/>
		<var name="as4_address" type="string" />
		<var name="as4_message_ID" type="string" />
		<var name="smp_query_skipped" type="string" />
        <var name="document_identifier" type="string">
            <value>urn:oasis:names:specification:ubl:schema:xsd:Invoice-AS4::Invoice##urn:www.cenbii.eu:transaction:biicoretrdm010:ver1.0:#urn:www.edelivery.eu:bis:edelivery4a:ver1.0::2.0</value>
        </var>
        <var name="process_identifier" type="string">
            <value>urn:www.cenbii.eu:profile:bii04:ver1.0</value>
        </var>
        <var name="transport_profile" type="string">
            <value>ebms3-as4</value>
        </var>
	</variables>
	<steps>
        <assign to="$as4_address">'http://13.80.11.48:8080/domibus/services/msh'</assign>

		<if desc="If Access Point location is not cached">
			<cond>$Sender_AS4_Direct_SMP{ap.location.cached} != 'true'</cond>
			<then>
				<assign to="$smp_query_skipped">false</assign>
				<btxn from="Sender_AS4_Direct_SMP" to="ServiceMetadataPublisher" txnId="t1" handler="SMPMessaging"/>
				<receive id="smp_output" desc="Send message to SMP to get Receiver Access Point address" from="Sender_AS4_Direct_SMP" to="ServiceMetadataPublisher" txnId="t1"/>
				<send desc="Return AP metadata" from="ServiceMetadataPublisher" to="Sender_AS4_Direct_SMP" txnId="t1">
					<input name="smp_metadata" source="$SMP_Metadata_Template"/>
				</send>
				<etxn txnId="t1"/>
			</then>
			<else>
				<assign to="$smp_query_skipped">true</assign>
			</else>
		</if>
        <interact desc="Message ID" with="Sender_AS4_Direct_SMP">
            <request desc="Message ID to wait for" with="Sender_AS4_Direct_SMP" contentType="string">$as4_message_ID</request>
        </interact>
        <btxn from="Sender_AS4_Direct_SMP" to="Receiver_AS4" txnId="t2" handler="http://13.80.14.182:8006/ms/api/as4messaging?wsdl"/>
        <receive id="data" desc="Receive message from SUT" from="Sender_AS4_Direct_SMP" to="Receiver_AS4" txnId="t2">
			<input name="as4.receive.messageId">$as4_message_ID</input>
		</receive>
		<etxn txnId="t2"/>
        <verify handler="http://13.80.11.48:8000/invoice/api/validation?wsdl" desc="Validate UBL invoice">
            <input name="xml">$data{payload}{payload.1}{payload.content}</input>
            <input name="type">'ubl'</input>
		</verify>
	</steps>
</testcase>