<?xml version="1.0" encoding="UTF-8"?>
<testcase id="SenderAccessPointValidex" xmlns="http://www.gitb.com/tdl/v1/" xmlns:gitb="http://www.gitb.com/core/v1/">
    <metadata>
        <gitb:name>SenderAccessPointValidex</gitb:name>
        <gitb:version>0.1</gitb:version>
        <gitb:description>This test scenario implements the AS2 protocol to submit an electronic invoice from a sending
            Access Point to a receiving Access Point.
            The objective of this Test Scenario is to ensure the sending Access Point (the System Under Test) can submit
            a conformant PEPPOL BIS 4A electronic invoice to a receiving Access Point using the AS2 protocol.
        </gitb:description>
    </metadata>
    <namespaces>
        <ns prefix="srdc">http://www.srdc.com.tr</ns>
    </namespaces>
    <imports>
        <artifact type="object" encoding="UTF-8" name="SMP_Metadata_Template">Peppol_BIS_4A_Invoice/artifacts/peppol-smp-metadata-template.xml</artifact>
    </imports>
    <!--<preliminary desc="preliminiary phase" id="preliminary">
        <request desc="server address" with="actor2" type="string" name="network_host"/>
        <request desc="server port" with="actor2" type="string" name="network_port"/>
    </preliminary>-->
    <actors>
        <gitb:actor id="SenderAccessPoint" name="SenderAccessPoint" role="SUT"/>
        <gitb:actor id="ReceiverAccessPoint" name="ReceiverAccessPoint" role="SIMULATED">
            <gitb:endpoint name="as2">
                <gitb:config name="participant.identifier">0088:12345test</gitb:config>
            </gitb:endpoint>
        </gitb:actor>
        <gitb:actor id="ServiceMetadataLocator" name="ServiceMetadataLocator" role="SIMULATED"/>
        <gitb:actor id="ServiceMetadataPublisher" name="ServiceMetadataPublisher" role="SIMULATED"/>
    </actors>
    <variables>
        <var name="sml_output" type="map"/>
        <var name="smp_output" type="map"/>
        <var name="as2_output" type="map"/>

        <!-- Participant Identifier of Sender Access Point (System Under Test). Must be retrieved
             from SUT representative -->
        <var name="sender_participant_identifier" type="string"/>
        <!-- Participant Identifier of Receiver Access Point (Simulated) -->
        <var name="receiver_participant_identifier" type="string"/>
        <var name="as2_address" type="string"/>
        <!-- Represents the type of document that the recipient is able to handle -->
        <var name="document_identifier" type="string">
            <value>urn:oasis:names:specification:ubl:schema:xsd:Invoice-2::Invoice##urn:www.cenbii.eu:transaction:biitrns010:ver2.0:extended:urn:www.peppol.eu:bis:peppol4a:ver2.0::2.1</value>
        </var>
        <!-- Root namespace of the document identifier  -->
        <var name="document_identifier_ns" type="string">
            <value>urn:oasis:names:specification:ubl:schema:xsd:Invoice-2</value>
        </var>
        <!-- The identifier of the process -->
        <var name="process_identifier" type="string">
            <value>urn:www.cenbii.eu:profile:bii04:ver2.0</value>
        </var>
        <!-- XML local element name of the root-element in the business message -->
        <var name="business_message_type" type="string">
            <value>Invoice</value>
        </var>

    </variables>
    <steps>
        <assign to="$as2_address">concat("https://", $SenderAccessPoint{ReceiverAccessPoint}{network.host}, ":", $SenderAccessPoint{ReceiverAccessPoint}{network.port})</assign>
        <assign to="$receiver_participant_identifier"
                source="$SenderAccessPoint{ReceiverAccessPoint}{participant.identifier}"/>
        <assign to="$sender_participant_identifier" source="$SenderAccessPoint{participant.identifier}"/>

        <btxn from="SenderAccessPoint" to="ServiceMetadataLocator" txnId="t3" handler="SMLMessaging"/>
        <receive id="sml_output" desc="Locate SMP" from="SenderAccessPoint" to="ServiceMetadataLocator" txnId="t3">
            <config name="dns.domain">B-351cd3bce374194b60c770852a53d0e6.iso6523-actorid-upis.localhost</config>
        </receive>
        <send desc="Resolve SMP domain" from="ServiceMetadataLocator" to="SenderAccessPoint" txnId="t3">
            <input name="dns.address" source="$SenderAccessPoint{ServiceMetadataPublisher}{network.host}"/>
        </send>
        <etxn txnId="t3"/>

        <btxn from="SenderAccessPoint" to="ServiceMetadataPublisher" txnId="t2" handler="SMPMessaging"/>
        <receive id="smp_output" desc="Send message to SMP to get Receiver Access Point address"
                 from="SenderAccessPoint" to="ServiceMetadataPublisher" txnId="t2"/>
        <send id="smp" desc="Send SMP Metadata back" from="ServiceMetadataPublisher" to="SenderAccessPoint" txnId="t2">
            <config name="transfer.type">chunked</config>
            <input name="smp_metadata" source="$SMP_Metadata_Template"/>
        </send>
        <etxn txnId="t2"/>

        <btxn from="SenderAccessPoint" to="ReceiverAccessPoint" txnId="t1" handler="PeppolAS2Messaging"/>
        <receive id="as2_output" desc="Send message to Receiver Access Point" from="SenderAccessPoint"
                 to="ReceiverAccessPoint" txnId="t1">
            <config name="document.identifier">urn:oasis:names:specification:ubl:schema:xsd:Invoice-2::Invoice##urn:www.cenbii.eu:transaction:biitrns010:ver2.0:extended:urn:www.peppol.eu:bis:peppol4a:ver2.0::2.1</config>
            <config name="process.identifier">urn:www.cenbii.eu:profile:bii04:ver2.0</config>
        </receive>
        <send id="mdn" desc="Send MDN back to Sender Access Point" from="ReceiverAccessPoint" to="SenderAccessPoint"
              txnId="t1">
            <input name="http_headers" source="$as2_output{http_headers}"/>
        </send>
        <etxn txnId="t1"/>

        <verify handler="ValidexValidator" desc="Validate business message using the Validex validation service">
            <input name="document">$as2_output{business_message}</input>
            <input name="name">"Invoice document"</input>
        </verify>

        <!--<verify handler="XSDValidator" desc="Validate Invoice against UBL 2.1 Invoice Schema">
            <input name="xmldocument">$as2_output{business_message}</input>
            <input name="xsddocument" source="$UBL_Invoice_Schema_File"/>
        </verify>
        <verify handler="SchematronValidator" desc="Validate Invoice against PEPPOL BII Rules">
            <input name="xmldocument">$as2_output{business_message}</input>
            <input name="schematron" source="$UBL_Invoice_Schematron_File"/>
        </verify>
        <verify handler="SchematronValidator" desc="Validate Standard Business Document Header against OpenPEPPOL Envelope Specifications">
            <input name="xmldocument">$as2_output{business_header}</input>
            <input name="schematron" source="$SBDH_Schematron_File"/>
        </verify>-->
    </steps>
</testcase>
