<?xml version="1.0" encoding="UTF-8"?>
<testcase id="AS4_sml" xmlns="http://www.gitb.com/tdl/v1/" xmlns:gitb="http://www.gitb.com/core/v1/">
	<metadata>
		<gitb:name>AS4_sml</gitb:name>
		<gitb:version>0.1</gitb:version>
		<gitb:description>Send an invoice as an AS4 message to a receiver access point after looking up the address of its Service Metadata Publisher from the Service Metadata Locator. The communication channel is not encrypted.</gitb:description>
		<gitb:type>CONFORMANCE</gitb:type>
	</metadata>
	<namespaces>
	</namespaces>
	<imports>
        <artifact type="object" encoding="UTF-8" name="SMP_Metadata_Template">UBL_invoice_AS4_sml/artifacts/smp-metadata-template.xml</artifact>
        <artifact type="object" encoding="UTF-8" name="Domibus_Download_SOAP_Template">UBL_invoice_AS4_sml/artifacts/domibus-download-soap-template.xml</artifact>
	</imports>
	<actors>
		<gitb:actor id="Sender_AS4_SML" name="Sender_AS4_SML" role="SUT" />
		<gitb:actor id="Receiver_AS4" name="Sender_AS4_SML" role="SIMULATED"/>
		<gitb:actor id="ServiceMetadataPublisher" name="ServiceMetadataPublisher" role="SIMULATED"/>
		<gitb:actor id="ServiceMetadataLocator" name="ServiceMetadataLocator" role="SIMULATED"/>
	</actors>
	<variables>
        <var name="sml_output" type="map"/>
        <var name="smp_output" type="map"/>
		<var name="as4_address" type="string" />
		<var name="as4_message_ID" type="string" />
		<var name="sml_query_skipped" type="string" />
		<var name="smp_query_skipped" type="string" />
        <var name="document_identifier" type="string">
            <value>urn:oasis:names:specification:ubl:schema:xsd:Invoice-AS4::Invoice##urn:www.cenbii.eu:transaction:biicoretrdm010:ver1.0:#urn:www.edelivery.eu:bis:edelivery4a:ver1.0::2.0</value>
        </var>
        <var name="process_identifier" type="string">
            <value>urn:www.cenbii.eu:profile:bii04:ver1.0</value>
        </var>
        <var name="transport_profile" type="string">
            <value>ebms3-as4</value>
        </var>
	</variables>
	<steps>
        <assign to="$as4_address">concat("http://", $Sender_AS4_SML{Receiver_AS4}{network.host}, ":", $Sender_AS4_SML{Receiver_AS4}{network.port})</assign>

		<if desc="If SMP location is not cached">
			<cond>$Sender_AS4_SML{smp.location.cached} != 'true'</cond>
			<then>
				<btxn from="Sender_AS4_SML" to="ServiceMetadataLocator" txnId="t0" handler="SMLMessaging"/>
				<receive id="sml_output" desc="Resolve SMP address from SML" from="Sender_AS4_SML" to="ServiceMetadataLocator" txnId="t0">
					<config name="dns.domain">*</config>
				</receive>
				<send desc="Resolve SMP domain" from="ServiceMetadataLocator" to="Sender_AS4_SML" txnId="t0">
					<input name="dns.address" source="$Sender_AS4_SML{ServiceMetadataPublisher}{network.host}"/>
				</send>
				<etxn txnId="t0"/>
			</then>
			<else>
				<assign to="$sml_query_skipped">true</assign>
			</else>
		</if>
		<if desc="If Access Point location is not cached">
			<cond>$Sender_AS4_SML{ap.location.cached} != 'true'</cond>
			<then>
				<assign to="$smp_query_skipped">false</assign>
				<btxn from="Sender_AS4_SML" to="ServiceMetadataPublisher" txnId="t1" handler="SMPFixedMessaging"/>
				<receive id="smp_output" desc="Send message to SMP to get Receiver Access Point address" from="Sender_AS4_SML" to="ServiceMetadataPublisher" txnId="t1"/>
				<send desc="Return AP metadata" from="ServiceMetadataPublisher" to="Sender_AS4_SML" txnId="t1">
					<input name="smp_metadata" source="$SMP_Metadata_Template"/>
				</send>
				<etxn txnId="t1"/>
			</then>
			<else>
				<assign to="$smp_query_skipped">true</assign>
			</else>
		</if>

		<btxn from="Sender_AS4_SML" to="Receiver_AS4" txnId="t2" handler="AS4Messaging"/>
		<receive id="as4_communication_data" desc="Send AS4 message" from="Sender_AS4_SML" to="Receiver_AS4" txnId="t2" />
        <assign to="$as4_message_ID">$as4_communication_data{as4_message_id}</assign>

        <send desc="Get AS4 response" from="Receiver_AS4" to="Sender_AS4_SML" txnId="t2">
			<config name="as4.receiver.address">http://192.168.56.11:8080/cipa-dispatcher/AS4Receiver</config>
			<config name="domibus.address">http://192.168.56.11:8080/domibus/services/BackendService_1_1/</config>
            <input name="http_headers" source="$as4_communication_data{http_headers}" />
            <input name="as4_communication_data" source="$as4_communication_data" />
			<input name="domibus_request" source="$Domibus_Download_SOAP_Template"/>
		</send>
		<etxn txnId="t2"/>

        <verify handler="http://192.168.99.100:8080/invoice/api/validation?wsdl" desc="Validate UBL invoice">
            <input name="xml">$as4_communication_data{domibus_response_payload}</input>
        </verify>
	</steps>
</testcase>