<?xml version="1.0" encoding="UTF-8"?>
<testcase id="AS2_direct_ap" xmlns="http://www.gitb.com/tdl/v1/" xmlns:gitb="http://www.gitb.com/core/v1/">
    <metadata>
        <gitb:name>AS2_direct_ap</gitb:name>
        <gitb:version>0.1</gitb:version>
        <gitb:description>Send an invoice as an AS2 message directly to a receiver access point (no SML or SMP involved). The communication channel is encrypted.</gitb:description>
		<gitb:type>CONFORMANCE</gitb:type>		
    </metadata>
    <namespaces>
    </namespaces>
    <imports>
    </imports>
    <actors>
        <gitb:actor id="Sender_AS2_Direct_AP" name="Sender_AS2_Direct_AP" role="SUT" />
        <gitb:actor id="Receiver_AS2" name="Receiver_AS2" role="SIMULATED" />
    </actors>
    <variables>
        <var name="as2_output" type="map"/>
        <var name="business_message_type" type="string">
            <value>Invoice</value>
        </var>
    </variables>
    <steps>
        <btxn from="Sender_AS2_Direct_AP" to="Receiver_AS2" txnId="t1" handler="NonValidatingPeppolAS2Messaging"/>
        <receive id="as2_output" desc="Send message to Receiver Access Point" from="Sender_AS2_Direct_AP" to="Receiver_AS2" txnId="t1" />
        <send id="mdn" desc="Send MDN back to Sender Access Point" from="Receiver_AS2" to="Sender_AS2_Direct_AP" txnId="t1">
            <input name="http_headers" source="$as2_output{http_headers}" />
        </send>
        <etxn txnId="t1"/>

        <verify handler="http://192.168.99.100:8080/invoice/api/validation?wsdl" desc="Validate UBL invoice">
            <input name="xml">$as2_output{business_message}</input>
        </verify>
    </steps>
</testcase>