<?xml version="1.0" encoding="UTF-8"?>
<testcase id="AS2_sml" xmlns="http://www.gitb.com/tdl/v1/" xmlns:gitb="http://www.gitb.com/core/v1/">
    <metadata>
        <gitb:name>AS2_sml</gitb:name>
        <gitb:version>0.1</gitb:version>
        <gitb:description>Send an invoice as an AS2 message to a receiver access point after looking up the address of its Service Metadata Publisher from the Service Metadata Locator.</gitb:description>
		<gitb:type>CONFORMANCE</gitb:type>		
    </metadata>
    <namespaces>
    </namespaces>
    <imports>
        <artifact type="object" encoding="UTF-8" name="SMP_Metadata_Template">UBL_invoice_AS2_sml/artifacts/peppol-smp-metadata-template.xml</artifact>
    </imports>
    <actors>
        <gitb:actor id="Sender_AS2_SML" name="Sender_AS2_SML" role="SUT" />
        <gitb:actor id="Receiver_AS2" name="Receiver_AS2" role="SIMULATED" />
        <gitb:actor id="ServiceMetadataLocator" name="ServiceMetadataLocator" role="SIMULATED" />
        <gitb:actor id="ServiceMetadataPublisher" name="ServiceMetadataPublisher" role="SIMULATED" />
    </actors>
    <variables>
        <var name="sml_query_skipped" type="string" />
        <var name="smp_query_skipped" type="string" />
        <var name="sml_output" type="map"/>
        <var name="smp_output" type="map"/>
        <var name="as2_output" type="map"/>
        <var name="as2_address" type="string" />
        <!-- Represents the type of document that the recipient is able to handle -->
        <var name="document_identifier" type="string">
            <value>urn:oasis:names:specification:ubl:schema:xsd:Invoice-2::Invoice##urn:www.cenbii.eu:transaction:biitrns010:ver2.0:extended:urn:www.peppol.eu:bis:peppol4a:ver2.0::2.1</value>
        </var>
        <!-- The identifier of the process -->
        <var name="process_identifier" type="string">
            <value>urn:www.cenbii.eu:profile:bii04:ver2.0</value>
        </var>
        <!-- XML local element name of the root-element in the business message -->
        <var name="business_message_type" type="string">
            <value>Invoice</value>
        </var>
    </variables>
    <steps>
        <assign to="$as2_address">concat("https://", $Sender_AS2_SML{Receiver_AS2}{network.host}, ":", $Sender_AS2_SML{Receiver_AS2}{network.port})</assign>

        <if desc="If SMP location is not cached">
            <cond>$Sender_AS2_SML{smp.location.cached} != 'true'</cond>
            <then>
                <btxn from="Sender_AS2_SML" to="ServiceMetadataLocator" txnId="t0" handler="SMLMessaging"/>
                <receive id="sml_output" desc="Resolve SMP address from SML" from="Sender_AS2_SML" to="ServiceMetadataLocator" txnId="t0">
                    <config name="dns.domain">*</config>
                </receive>
                <send desc="Resolve SMP domain" from="ServiceMetadataLocator" to="Sender_AS2_SML" txnId="t0">
                    <input name="dns.address" source="$Sender_AS2_SML{ServiceMetadataPublisher}{network.host}"/>
                </send>
                <etxn txnId="t0"/>
            </then>
            <else>
                <assign to="$sml_query_skipped">true</assign>
            </else>
        </if>
        <if desc="If Access Point location is not cached">
            <cond>$Sender_AS2_SML{ap.location.cached} != 'true'</cond>
            <then>
                <assign to="$smp_query_skipped">false</assign>
                <btxn from="Sender_AS2_SML" to="ServiceMetadataPublisher" txnId="t1" handler="SMPFixedMessaging"/>
                <receive id="smp_output" desc="Send message to SMP to get Receiver Access Point address" from="Sender_AS2_SML" to="ServiceMetadataPublisher" txnId="t1"/>
                <send desc="Return AP metadata" from="ServiceMetadataPublisher" to="Sender_AS2_SML" txnId="t1">
                    <input name="smp_metadata" source="$SMP_Metadata_Template"/>
                </send>
                <etxn txnId="t1"/>
            </then>
            <else>
                <assign to="$smp_query_skipped">true</assign>
            </else>
        </if>

        <btxn from="Sender_AS2_SML" to="Receiver_AS2" txnId="t2" handler="NonValidatingPeppolAS2Messaging"/>
        <receive id="as2_output" desc="Send message to Receiver Access Point" from="Sender_AS2_SML" to="Receiver_AS2" txnId="t2" />
        <send id="mdn" desc="Send MDN back to Sender Access Point" from="Receiver_AS2" to="Sender_AS2_SML" txnId="t2">
            <input name="http_headers" source="$as2_output{http_headers}" />
        </send>
        <etxn txnId="t2"/>

        <verify handler="http://13.80.11.48:8000/invoice/api/validation?wsdl" desc="Validate UBL invoice">
            <input name="xml">$as2_output{business_message}</input>
        </verify>
    </steps>
</testcase>